step,loss
150,0.659774
200,0.684018
250,0.703117
350,0.696194
